Renner,Prijs,OHN,KBK,SB,PN,TA,MSR,BDP,E3,GW,DDV,RVV,SP,PR,BP,AGR,WP,LBL
Pogacar,7000000,0,0,1,0,0,1,0,0,0,0,1,0,1,0,0,0,1
Poel,6000000,1,0,0,0,1,1,0,1,1,0,1,0,1,0,0,0,0
Philipsen,5000000,1,1,0,0,0,1,1,0,1,1,0,1,1,0,0,0,0
Aert,4500000,0,0,1,0,1,1,0,0,0,0,1,0,1,0,0,0,0
Mads Pedersen,4500000,0,0,0,0,0,1,0,1,1,1,1,0,1,0,0,0,0
Jonathan Milan,3500000,0,1,0,0,1,1,0,0,1,1,0,0,1,0,0,0,0
Brennan,3000000,1,1,0,0,0,1,0,0,1,1,1,0,1,0,0,0,0
Pidcock,3000000,1,0,1,0,0,1,0,0,0,0,0,0,0,1,1,1,1
Benoot,2500000,0,0,0,0,0,0,0,0,0,0,0,0,0,0,0,0,0
Evenepoel,2500000,0,0,0,0,0,0,0,0,0,0,0,0,0,1,1,1
Jorgenson,2500000,0,0,1,0,1,1,0,0,0,0,0,0,0,1,1,1
Laporte,2500000,1,1,0,0,0,1,0,1,1,1,1,0,1,0,0,0,0
Lie,2500000,1,1,0,0,1,0,1,0,1,1,1,0,1,0,0,0,0
Merlier,2500000,0,0,0,0,0,1,0,1,0,0,1,1,0,0,0,0,0
Wellens,2500000,1,1,1,0,0,1,0,1,1,1,1,0,1,1,1,0,0
Ganna,2000000,0,0,0,0,1,1,0,0,0,0,1,0,0,0,0,0,0
Healy,2000000,0,0,1,0,0,0,0,0,0,0,0,0,0,1,1,1
Kooij,2000000,0,0,0,0,0,0,0,0,0,0,0,0,0,0,0,0,0
Magnier,2000000,1,1,0,0,1,1,0,0,0,1,1,0,0,0,0,0,0
Ayuso,1500000,0,0,0,1,0,0,0,0,0,0,0,0,0,0,1,1
Bjerg,1500000,0,0,0,0,0,0,0,0,0,0,0,0,0,0,0,0,0
Christen,1500000,0,0,1,0,1,0,0,0,0,0,0,0,0,1,1,1
Cosnefroy,1500000,0,0,0,0,0,0,0,0,0,0,0,0,0,1,1,1,1
Girmay,1500000,1,1,0,1,0,0,0,0,1,1,0,0,0,0,0,0,0
Gregoire,1500000,0,0,1,0,0,1,0,1,0,1,1,0,0,1,1,1,1
Groenewegen,1500000,0,1,0,0,0,1,0,0,0,1,0,0,0,0,0,0,0
Grosso,1500000,0,0,0,0,0,0,0,0,0,0,0,0,0,0,0,0,0
Groves,1500000,1,1,0,0,1,1,0,0,0,1,1,0,1,0,0,0,0
Kung,1500000,1,1,0,0,1,0,0,1,0,1,1,0,1,0,0,0,0
Matthews,1500000,0,0,0,0,0,1,0,1,1,0,1,0,0,0,1,0,1
Mohoric,1500000,1,1,1,0,0,1,0,1,1,1,1,0,1,0,0,0,0
Politt,1500000,1,1,0,0,0,0,0,0,0,0,0,0,0,0,0,0,0
Powless,1500000,0,0,0,0,0,0,0,0,0,0,0,0,0,0,0,0,0
Skjelmose,1500000,0,0,0,1,0,0,0,0,0,0,0,0,0,1,1,1
Stuyven,1500000,0,0,0,1,0,1,0,1,1,0,1,0,1,0,0,0,0
Vacek,1500000,1,0,0,1,0,1,0,1,1,1,1,0,1,0,0,0,0
Florian Vermeersch,1500000,1,1,1,0,0,1,1,1,1,1,1,0,1,0,0,0,0
Almeida,1000000,0,0,0,1,0,0,0,0,0,0,0,0,0,0,0,0,0
Andresen,1000000,1,1,0,0,1,0,0,0,0,1,0,0,0,0,0,0,0
Arrieta,1000000,0,0,0,1,0,0,0,0,0,0,0,0,0,0,0,0,0
Baroncini,1000000,0,0,0,0,0,0,0,0,0,0,0,0,0,0,0,0,0
Bittner,1000000,0,1,0,0,0,0,1,0,1,0,0,0,1,0,0,0,0
Dillier,1000000,0,1,0,0,0,0,0,0,1,0,0,0,0,0,0,0,0
Fretin,1000000,0,1,0,1,0,0,1,0,1,0,0,1,0,0,0,0,0
Gils,1000000,0,0,0,0,0,0,0,0,0,0,0,0,0,1,1,1
Grossschartner,1000000,0,0,0,0,0,0,0,0,0,0,0,0,0,0,0,0,0
Herregodts,1000000,1,1,0,0,0,0,0,0,0,0,0,0,0,0,0,0,0
Johansen,1000000,1,0,0,0,0,0,0,0,0,0,0,0,0,0,0,0,0
Kubis,1000000,1,0,0,0,0,0,0,0,1,1,1,0,1,0,0,0,0
Laengen,1000000,0,0,0,0,0,0,0,0,0,0,0,0,0,0,0,0,0
McNulty,1000000,0,0,0,0,0,0,0,0,0,0,0,0,0,0,0,0,0
Meeus,1000000,1,1,0,0,0,0,0,1,0,0,1,1,0,0,0,0,0
Molano,1000000,1,1,0,0,0,0,0,0,0,0,0,0,0,0,0,0,0
Morgado,1000000,0,0,0,0,0,0,0,0,1,1,0,0,0,0,0,0,0
Narvaez,1000000,0,0,0,0,0,0,0,0,0,0,0,0,0,0,0,0,0
Novak,1000000,0,0,1,0,0,1,0,0,0,0,0,0,0,1,1,1
Nys,1000000,0,0,0,0,0,0,0,0,0,0,0,0,0,1,1,1
Nelson Oliveira,1000000,0,0,0,0,0,0,0,0,0,0,0,0,0,0,0,0,0
Rui Oliveira,1000000,1,1,0,0,0,0,0,1,0,1,0,1,0,0,0,0,0
Pericas,1000000,0,0,0,0,0,0,0,0,0,0,0,0,0,0,0,0,0
Poppel,1000000,0,1,0,0,1,1,0,0,1,0,0,0,0,0,1,0,0
Sivakov,1000000,0,0,0,1,0,0,0,0,0,0,0,0,0,1,1,1
Skujins,1000000,1,1,0,1,0,0,0,1,1,1,1,0,0,0,1,0,0
Soler,1000000,0,0,0,0,0,0,0,0,0,0,0,0,0,0,0,0,0
Teunissen,1000000,1,1,0,1,0,1,0,1,1,1,1,0,1,0,0,0,0
Toro,1000000,0,0,1,0,1,1,0,0,0,0,0,0,0,0,0,0,0
Torres,1000000,0,0,0,0,0,0,0,0,0,0,0,0,0,0,0,0,0
Trentin,1000000,1,1,0,1,0,0,0,1,0,0,0,0,0,0,0,0,0
Vauquelin,1000000,0,0,0,1,0,0,0,0,0,0,0,0,0,0,0,0,0
Vermaerke,1000000,0,0,0,0,0,0,0,0,0,0,0,0,0,0,0,0,0
Vine,1000000,0,0,0,0,0,0,0,0,0,0,0,0,0,0,0,0,0
Vingegaard,1000000,0,0,0,1,0,0,0,0,0,0,0,0,0,0,0,0,0
Welsford,1000000,0,0,0,0,0,0,0,0,0,0,0,0,0,0,0,0,0
Yates,1000000,0,0,0,0,0,0,0,0,0,0,0,0,0,0,0,0,0
Baarle,750000,1,1,0,0,0,0,1,0,1,1,0,1,0,0,0,0,0
Ballerini,750000,1,1,0,0,0,1,1,0,1,0,1,0,1,0,0,0,0
Ballerstedt,750000,0,0,0,1,0,0,0,1,0,0,0,0,0,0,0,0,0
Bauhaus,750000,0,1,0,0,0,0,0,1,0,0,0,0,0,0,0,0,0
Bayer,750000,1,1,0,0,0,0,0,0,0,0,0,0,0,0,0,0,0
Belmans,750000,1,0,0,0,0,0,0,0,0,0,0,0,0,0,0,0,0
Marijn van den Berg,750000,1,1,0,1,0,1,0,1,1,1,1,0,1,0,1,0,0
Busatto,750000,0,0,1,0,0,0,0,0,0,0,0,0,0,1,1,1
Ciccone,750000,0,0,0,0,0,0,0,0,0,0,0,0,0,1,1,1
Debruyne,750000,0,0,0,0,0,0,0,0,0,0,0,0,0,0,0,0,0
Dehairs,750000,0,0,0,0,0,0,0,0,0,0,0,0,0,0,0,0,0
Dockx,750000,0,0,0,1,0,0,0,0,0,0,0,0,0,0,0,0,0
Eetvelt,750000,0,0,1,0,1,1,0,0,0,0,0,0,0,0,1,1
Geens,750000,0,1,0,0,0,0,0,1,0,0,0,0,0,0,0,0,0
Glivar,750000,0,0,0,0,0,0,0,0,0,0,0,0,0,0,0,0,0
Gogl,750000,0,0,0,0,0,0,0,0,0,0,0,0,0,0,0,0,0
Hofstetter,750000,0,1,0,0,0,0,0,1,0,1,1,1,0,0,0,0,0
Houle,750000,0,0,0,0,0,0,0,0,0,0,0,0,0,0,0,0,0
Jakobsen,750000,0,0,0,0,0,1,0,0,0,0,1,0,0,0,0,0,0
Kanter,750000,0,1,0,0,0,0,0,1,0,0,0,0,0,0,0,0,0
Kragh,750000,1,0,0,1,0,1,0,1,0,1,0,1,0,0,0,0,0
Lapeira,750000,0,0,1,0,1,1,0,0,0,0,0,0,0,1,1,1
Laurance,750000,0,0,1,0,0,1,0,0,0,0,0,0,0,1,1,1
Lipowitz,750000,0,0,0,0,0,0,0,0,0,0,0,0,0,0,0,0,0
Madouas,750000,1,0,1,0,1,0,1,1,1,1,0,0,0,0,0,0,0
Marit,750000,1,1,0,0,0,0,1,1,1,0,1,0,0,0,0,0,0
Marsman,750000,0,0,0,0,0,0,0,0,0,0,0,0,0,0,0,0,0
Lenny Martinez,750000,0,0,0,1,0,0,0,0,0,0,0,0,0,1,0,0
Mihkels,750000,0,0,0,0,1,1,1,0,1,1,1,0,1,0,0,0,0
Moschetti,750000,0,0,0,0,0,0,0,0,0,0,0,0,0,0,0,0,0
Mozzato,750000,1,1,0,0,1,0,0,0,1,0,0,0,0,0,0,0,0
Onley,750000,0,0,0,1,0,0,0,0,0,0,0,0,0,0,0,0,0
Pithie,750000,1,1,0,0,0,1,0,1,1,1,1,0,1,0,0,0,0
Planckaert,750000,1,1,0,0,0,0,0,0,0,0,0,0,0,0,0,0,0
Plowright,750000,0,0,0,0,0,0,0,0,0,0,0,0,0,0,0,0,0
Price-Pejtersen,750000,0,1,0,0,0,0,0,0,0,0,0,0,0,0,0,0,0
Remijn,750000,0,0,0,0,0,0,0,0,0,0,0,0,0,0,0,0,0
Rex,750000,0,0,0,0,0,0,0,0,0,1,0,0,0,0,0,0,0
Rickaert,750000,0,1,0,0,0,0,0,1,0,0,0,0,0,0,0,0,0
Riesebeek,750000,0,0,0,0,0,0,0,0,0,0,0,0,0,0,0,0,0
Senechal,750000,1,0,0,0,0,1,0,1,0,1,0,1,0,0,0,0,0
Sentjens,750000,0,0,0,0,0,0,0,0,0,0,1,0,0,0,0,0,0
Soderqvist,750000,0,1,0,0,0,0,0,0,0,0,0,1,0,0,0,0,0
Teuns,750000,1,0,0,0,0,0,0,1,1,0,0,1,1,1,1,0,0
Teutenberg,750000,1,0,0,0,0,0,0,0,0,0,0,0,0,0,0,0,0
Thijssen,750000,0,0,0,0,0,0,0,0,0,0,0,0,0,0,0,0,0
Uden,750000,0,0,0,0,0,0,0,0,0,0,0,0,0,0,0,0,0
Uhlig,750000,0,0,0,0,0,0,0,0,0,0,0,0,0,0,0,0,0
Vergallito,750000,0,0,0,0,0,0,0,0,0,0,0,0,0,0,0,0,0
Gianni Vermeersch,750000,1,0,1,0,0,0,1,1,1,1,0,1,0,0,0,0,0
Vernon,750000,0,0,0,0,0,0,0,0,0,0,0,0,0,0,0,0,0
Verstrynge,750000,0,0,0,0,0,0,0,0,0,0,0,0,0,0,0,0,0
Vylder,750000,0,0,0,0,0,0,0,0,0,0,0,0,0,0,0,0,0
Waerenskjold,750000,1,0,0,0,1,1,0,1,1,1,0,1,0,0,0,0,0
Withen,750000,1,0,0,0,0,0,0,0,0,0,0,0,0,0,0,0,0
Wright,750000,1,1,0,0,0,0,0,1,0,0,0,0,0,0,0,0,0
Zingle,750000,1,1,0,1,0,0,0,1,0,1,1,0,0,1,0,0,0
Abrahamsen,500000,1,1,0,0,1,1,0,1,1,1,1,0,1,0,0,0,0
Ackermann,500000,0,1,0,0,0,0,0,0,0,0,0,0,0,0,0,0,0
Adria,500000,1,1,1,0,0,0,0,1,0,0,0,0,0,1,1,1
Aerts,500000,0,0,0,0,0,0,0,0,0,0,1,0,1,0,0,0,0
Affini,500000,1,0,0,0,0,0,0,0,0,0,0,0,0,0,0,0,0
Agostinacchio,500000,0,0,0,0,0,0,0,0,0,0,0,0,0,0,0,0,0
Alaphilippe,500000,0,0,1,0,1,1,0,0,0,0,0,0,0,1,1,1
Albanese,500000,1,1,0,1,0,1,1,1,1,1,1,0,1,0,0,0,0
Aleotti,500000,0,0,0,0,0,0,0,0,0,0,0,0,0,0,0,0,0
Allegaert,500000,1,1,0,0,0,0,0,1,0,0,0,0,0,0,0,0,0
Aniolkowski,500000,1,1,0,0,0,1,0,0,0,0,0,0,0,0,0,0,0
Aranburu,500000,0,0,0,0,0,1,0,0,0,0,0,0,0,1,1,1
Arcas,500000,0,0,0,0,0,0,0,0,0,0,0,0,0,0,0,0,0
Arensman,500000,0,0,1,0,1,0,0,0,0,0,0,0,0,0,0,0,0
Armirail,500000,0,0,0,1,0,0,0,0,0,0,0,0,0,0,0,0,0
Arndt,500000,0,0,0,0,0,0,0,0,0,0,0,0,0,0,0,0,0
Artz,500000,1,0,0,0,1,1,0,0,1,1,1,0,1,0,0,0,0
Asbroeck,500000,1,0,0,0,0,0,0,0,1,0,0,0,0,0,0,0,0
Asgreen,500000,1,1,0,1,0,1,0,1,0,0,0,1,0,0,0,0,0
Askey,500000,1,1,0,0,0,0,0,1,1,1,0,1,0,0,0,0,0
August,500000,0,0,0,0,0,0,0,0,0,0,0,0,0,0,0,0,0
Aular,500000,1,1,0,0,0,0,0,1,0,0,0,0,0,0,0,0,0
Azparren,500000,0,0,0,0,0,0,0,0,0,0,0,0,0,0,0,0,0
Badilatti,500000,0,0,0,0,0,0,0,0,0,0,0,0,0,0,0,0,0
Bagioli,500000,0,0,0,0,0,0,0,0,0,0,0,0,0,0,0,0,0
Bais,500000,0,0,0,0,0,0,0,0,0,0,0,0,0,0,0,0,0
Barguil,500000,0,0,0,0,0,0,0,0,0,0,0,0,0,1,1,1
Barre,500000,0,0,1,0,0,0,0,0,0,0,0,0,0,1,1,1
Barrenetxea,500000,1,1,0,0,0,0,0,1,0,0,0,0,0,0,0,0,0
Barta,500000,0,0,0,0,0,0,0,0,0,0,0,0,0,0,0,0,0
Barthe,500000,1,0,0,0,0,0,0,0,0,0,0,0,0,0,0,0,0
Bastiaens,500000,0,0,0,0,0,0,0,0,0,0,0,0,0,0,0,0,0
Battistella,500000,0,0,0,0,0,0,0,0,0,0,0,0,0,0,0,0,0
Baudin,500000,0,0,0,1,0,0,0,0,0,0,0,0,0,1,1,1
Bax,500000,0,0,0,0,0,0,0,0,0,0,0,0,0,0,0,0,0
Behrens,500000,0,0,0,0,0,0,0,0,0,0,0,0,0,0,0,0,0
Bekkum,500000,0,0,0,0,0,0,0,0,0,0,0,0,0,1,0,0
Belle,500000,0,0,0,0,0,0,0,0,0,0,0,0,0,0,0,0,0
Beloki,500000,0,0,0,0,0,0,0,0,0,0,0,0,0,0,0,0,0
Sam Bennett,500000,0,0,0,0,0,0,0,0,0,0,0,0,0,0,0,0,0
George Bennett,500000,0,0,0,0,0,0,0,0,0,0,0,0,0,0,0,0,0
Berckmoes,500000,1,1,0,0,1,1,0,1,1,1,1,0,0,1,1,0
Julius van den Berg,500000,1,0,0,0,0,0,0,0,1,0,0,0,0,0,0,0,0
Bernal,500000,0,0,1,0,1,0,0,0,0,0,0,0,0,0,0,0,0
Bernard,500000,0,0,0,0,0,0,0,0,0,0,0,0,0,0,0,0,0
Berthet,500000,0,0,0,0,1,0,0,0,0,0,0,0,0,0,0,0,0
Bettiol,500000,1,0,0,0,0,1,0,0,0,0,1,0,0,0,0,0,0
Beullens,500000,1,0,0,0,0,0,0,0,1,0,0,0,0,0,0,0,0
Bevort,500000,1,1,0,0,0,0,0,0,0,0,0,0,0,0,0,0,0
Biermans,500000,1,0,0,0,0,0,0,0,0,0,0,0,0,0,0,0,0
Biesterbos,500000,0,0,0,0,0,0,0,0,1,0,0,0,0,1,0,0
Bilbao,500000,0,0,1,0,1,0,0,0,0,0,0,0,0,1,1,1
Bisiaux,500000,0,0,0,0,0,0,0,0,0,0,0,0,0,0,0,0,0
Bissegger,500000,1,1,0,1,0,0,0,1,1,0,1,0,1,0,0,0,0
Blackmore,500000,0,0,0,0,0,0,0,0,0,0,0,0,0,1,1,1
Blikra,500000,0,0,0,0,0,0,1,0,0,0,0,0,0,0,0,0,0
Blume,500000,0,0,0,0,0,0,0,0,0,0,0,0,0,0,0,0,0
Boichis,500000,0,0,1,0,0,0,0,0,0,0,0,0,0,0,0,0,0
Boivin,500000,1,1,0,0,0,0,0,1,0,0,0,0,0,0,0,0,0
Bol,500000,0,1,0,1,0,0,0,0,0,0,0,0,0,0,0,0,0
Bondt,500000,1,1,0,0,0,0,1,1,1,1,0,1,0,0,0,0,0
Bonnet,500000,1,1,0,0,0,0,0,1,0,0,0,0,0,0,0,0,0
Bonneu,500000,0,0,0,0,0,0,0,0,0,0,0,0,0,0,0,0,0
Borgo,500000,0,1,0,0,0,0,0,1,0,0,0,0,0,0,0,0,0
Bossche,500000,0,0,0,0,0,0,0,0,0,0,0,0,0,0,0,0,0
Bouwman,500000,0,0,0,0,0,0,0,0,0,0,0,0,0,0,0,0,0
Boven,500000,1,0,0,0,0,0,0,0,1,0,0,0,1,0,0,0,0
Bower,500000,0,0,0,0,0,0,0,0,0,0,0,0,0,0,0,0,0
Braet,500000,0,1,0,0,0,0,0,0,0,0,0,0,0,0,0,0,0
Braz,500000,0,0,0,0,0,0,0,0,0,0,0,0,0,0,0,0,0
Brenner,500000,0,0,0,0,0,0,0,0,0,0,0,0,0,0,0,0,0
Broek,500000,1,1,0,0,1,0,0,1,0,1,1,0,0,0,1,1,0
Brunel,500000,1,1,0,0,0,0,0,1,0,0,0,0,0,0,0,0,0
Bruttomesso,500000,0,0,0,0,0,0,0,0,0,0,0,0,0,0,0,0,0
Buchmann,500000,0,0,0,0,0,0,0,0,0,0,0,0,0,0,0,0,0
Buitrago,500000,0,0,0,0,1,0,0,0,0,0,0,0,0,0,0,0,0
Buyst,500000,0,1,0,0,1,0,0,0,1,0,0,0,0,0,0,0,0
Bystrom,500000,1,0,0,0,0,0,0,0,0,0,0,0,0,0,0,0,0
Calzoni,500000,0,0,0,0,0,0,0,0,0,0,0,0,0,0,0,0,0
Campenaerts,500000,0,0,0,1,0,0,0,0,0,0,0,0,0,0,0,0,0
Camprubi,500000,0,0,0,0,0,0,0,0,0,0,0,0,0,0,0,0,0
Canal,500000,1,1,0,0,0,0,0,1,0,0,0,0,0,0,0,0,0
Capiot,500000,1,1,0,0,0,0,0,0,0,0,0,0,0,0,0,0,0
Carapaz,500000,0,0,0,0,1,0,0,0,0,0,0,0,0,0,0,0,0
Carr,500000,0,0,0,0,0,0,0,0,0,0,0,0,0,0,0,0,0
Caruso,500000,0,0,0,0,0,1,0,0,0,0,0,0,0,0,0,0,0
Castrillo,500000,0,0,0,0,1,0,0,0,0,0,0,0,0,0,0,0,0
Cattaneo,500000,0,0,0,0,0,0,0,0,0,0,0,0,0,0,0,0,0
Cavagna,500000,0,0,0,0,0,0,0,0,0,0,0,0,0,0,0,0,0
Cepeda,500000,0,0,0,0,0,0,0,0,0,0,0,0,0,0,0,0,0
Chamberlain,500000,1,0,0,0,0,0,0,0,0,0,0,0,0,0,0,0,0
Champoussin,500000,0,0,1,0,1,0,0,0,0,0,0,0,0,1,1,1
Charmig,500000,0,0,0,0,0,0,0,0,0,0,0,0,0,0,0,0,0
Charret,500000,0,0,0,0,0,0,0,0,1,0,0,0,0,0,0,0,0
Christen,500000,0,0,0,1,0,0,0,0,0,0,0,0,0,0,0,0,0
Clarke,500000,0,0,0,0,0,0,0,0,0,0,0,0,0,0,0,0,0
Conca,500000,0,0,1,0,1,0,0,0,0,0,0,0,0,0,0,0,0
Conci,500000,0,0,0,0,0,0,0,0,0,0,0,0,0,0,0,0,0
Consonni,500000,0,0,0,0,0,0,0,0,0,0,0,0,0,0,0,0,0
Coquard,500000,0,0,0,1,0,1,0,0,0,0,0,0,0,1,1,0
Corkery,500000,0,0,0,0,0,0,0,0,0,0,0,0,0,0,0,0,0
Cort,500000,0,0,0,0,0,1,0,0,0,0,0,0,0,0,1,0,0
Costiou,500000,0,0,0,1,0,0,0,0,0,0,0,0,0,1,1,1
Cote,500000,0,0,0,0,0,0,0,0,0,0,0,0,0,0,0,0,0
Covi,500000,0,0,1,0,1,0,0,0,0,0,0,0,0,1,1,1
Crabbe,500000,0,1,0,0,0,0,1,0,1,1,0,1,0,0,0,0,0
Craps,500000,0,0,0,0,0,0,0,0,0,0,0,0,0,0,0,0,0
Cras,500000,0,0,0,0,0,0,0,0,0,0,0,0,0,0,0,0,0
Cruz,500000,0,0,0,0,0,0,0,0,0,0,0,0,0,0,0,0,0
Dainese,500000,0,0,0,0,0,0,0,0,0,0,0,0,0,0,0,0,0
Dalby,500000,0,0,0,0,0,0,0,0,0,0,0,0,0,0,0,0,0
Dauphin,500000,0,1,0,0,0,0,0,1,0,0,0,0,0,0,0,0,0
Debeaumarche,500000,0,0,0,0,0,0,0,0,0,0,0,0,0,0,0,0,0
Decomble,500000,0,0,0,0,0,0,0,0,0,0,0,0,0,0,0,0,0
Degenkolb,500000,1,0,0,0,0,0,0,0,1,0,0,0,1,0,0,0,0
Denz,500000,0,0,0,1,0,0,0,0,0,0,0,0,0,0,0,0,0
Deweirdt,500000,1,0,0,0,0,0,0,0,0,0,0,0,0,0,0,0,0
Dewulf,500000,1,0,0,0,0,0,0,0,0,0,0,0,0,0,0,0,0
Dhondt,500000,0,0,0,0,0,0,0,0,0,0,0,0,0,0,0,0,0
Tim van Dijke,500000,1,1,0,1,0,0,0,0,0,1,1,0,1,0,0,0,0
Mick van Dijke,500000,1,1,0,0,1,1,0,0,0,1,0,1,0,0,0,0,0
Dinham,500000,0,0,0,0,0,0,0,0,0,0,0,0,0,0,0,0,0
Donaldson,500000,1,0,0,0,0,0,0,0,0,0,0,0,0,0,0,0,0
Donnenwirth,500000,0,0,0,0,0,0,0,0,0,0,0,0,0,0,0,0,0
Donovan,500000,0,0,0,0,0,0,0,0,0,0,0,0,0,0,0,0,0
Donze,500000,0,0,0,0,0,0,0,0,0,0,0,0,0,0,0,0,0
Double,500000,0,0,0,0,0,0,0,0,0,0,0,0,0,0,0,0,0
Doull,500000,0,0,0,0,0,0,0,0,0,0,0,0,0,0,0,0,0
Drizners,500000,1,0,0,0,0,0,0,0,0,0,0,0,0,0,0,0,0
Dujardin,500000,1,0,0,0,0,0,0,0,1,0,0,0,0,0,0,0,0
Dunbar,500000,0,0,0,0,0,0,0,0,0,0,0,0,0,0,0,0,0
Durbridge,500000,0,0,0,0,0,0,0,0,0,0,0,0,0,0,0,0,0
Dversnes,500000,0,0,0,0,0,0,0,0,0,0,0,0,0,0,0,0,0
Eekhoff,500000,0,0,0,0,0,0,0,0,0,0,0,0,0,0,0,0,0
Eenkhoorn,500000,0,0,0,0,0,0,0,0,0,0,0,0,0,0,0,0,0
Einhorn,500000,0,0,0,0,0,0,0,0,0,0,0,0,0,0,0,0,0
Engelhardt,500000,0,0,0,0,0,0,0,0,0,0,0,0,0,0,0,0,0
Eriksson,500000,0,0,0,0,0,0,0,0,0,0,0,0,0,0,0,0,0
Ermakov,500000,0,0,0,0,0,0,0,0,0,0,0,0,0,0,0,0,0
Erzen,500000,0,0,0,0,0,0,0,0,0,0,0,0,0,0,0,0,0
Etxeberria,500000,0,1,0,0,0,0,0,0,0,0,0,0,0,0,0,0,0
Eulalio,500000,0,0,1,0,0,0,0,0,0,0,0,0,0,0,0,1,0
Faure,500000,0,0,0,0,0,0,0,0,0,0,0,0,0,0,0,0,0
Fedorov,500000,0,0,0,0,0,0,0,0,1,0,0,0,0,0,0,0,0
Ferron,500000,0,0,0,0,0,0,0,0,0,0,0,0,0,0,0,0,0
Fiorelli,500000,0,1,1,0,1,0,0,0,0,0,0,0,1,0,0,1,0
Fisher-Black,500000,0,0,0,0,0,0,0,0,0,0,0,0,0,0,0,0,0
Flynn,500000,1,0,0,0,0,0,0,0,1,0,0,0,0,0,0,0,0
Foldager,500000,1,0,0,0,0,0,0,0,0,0,0,0,0,0,0,0,0
Fontaine,500000,0,1,0,0,0,0,0,0,0,0,0,0,0,0,0,0,0
Formolo,500000,0,0,0,0,0,0,0,0,0,0,0,0,0,0,0,0,0
Fortunato,500000,0,0,0,0,1,0,0,0,0,0,0,0,0,0,0,0,0
Foss,500000,0,0,0,0,0,0,0,0,0,0,0,0,0,0,0,0,0
Fox,500000,0,0,0,0,0,0,0,0,0,0,0,0,0,0,0,0,0
Fredheim,500000,0,0,0,0,0,0,0,0,0,0,0,0,0,0,0,0,0
Frigo,500000,0,0,0,0,0,0,0,0,0,0,0,0,0,0,0,0,0
Frison,500000,1,1,0,0,0,0,0,1,0,0,0,0,0,0,0,0,0
Froidevaux,500000,0,0,0,0,0,0,0,0,0,0,0,0,0,0,0,0,0
Gac,500000,0,0,0,0,0,0,0,0,0,0,0,0,0,0,0,0,0
Gachignard,500000,1,0,0,0,0,0,0,0,1,0,0,0,0,0,0,0,0
Gaffuri,500000,0,0,1,0,1,0,0,0,0,0,0,0,0,0,0,0,0
Gall,500000,0,0,0,0,1,0,0,0,0,0,0,0,0,0,0,0,0
Gamper,500000,0,0,0,0,0,0,0,0,0,0,0,0,0,0,0,0,0
Iván García Cortina,500000,1,1,0,0,0,0,0,1,0,0,0,1,0,0,0,0,0
Raúl García Pierna,500000,0,0,0,0,0,0,0,0,0,0,0,0,0,0,0,0,0
Garofoli,500000,0,0,0,0,0,0,0,0,0,0,0,0,0,0,0,0,0
Gate,500000,1,1,0,0,0,0,0,1,0,0,0,0,0,0,0,0,0
Gaudu,500000,0,0,0,1,0,0,0,0,0,0,0,0,0,0,0,0,0
Gautherat,500000,0,0,0,0,0,0,0,0,0,0,0,0,0,0,0,0,0
Gee-West,500000,0,0,0,0,0,0,0,0,0,0,0,0,0,0,0,0,0
Gelders,500000,0,0,0,0,0,0,0,0,0,0,0,0,0,0,0,0,0
Gendt,500000,1,1,0,0,0,0,0,1,0,0,0,0,0,0,0,0,0
Geniets,500000,0,0,0,0,0,0,0,0,0,0,0,0,0,0,0,0,0
Geoghegan,500000,0,0,0,0,0,0,0,0,0,0,0,0,0,0,0,0,0
Germani,500000,0,0,1,0,1,1,0,0,0,0,0,0,0,0,0,0,0
Gestel,500000,1,1,0,0,0,0,0,0,0,0,0,0,0,0,0,0,0
Ghebreigzabhier,500000,0,0,0,0,0,0,0,0,0,0,0,0,0,0,0,0,0
Ghys,500000,0,0,0,0,0,0,0,0,0,0,0,0,0,0,0,0,0
Giddings,500000,0,0,0,0,0,0,0,0,0,0,0,0,0,0,0,0,0
Gilmore,500000,0,0,0,0,0,0,0,0,0,0,0,0,0,0,0,0,0
Gloag,500000,0,0,0,0,0,0,0,0,0,0,0,0,0,0,0,0,0
Godon,500000,0,0,0,1,0,0,0,0,0,0,0,0,0,1,1,0
Gonov,500000,1,1,0,0,0,0,0,0,0,0,0,0,0,0,0,0,0
Gonzalez,500000,0,0,0,0,0,0,0,0,0,0,0,0,0,0,0,0,0
Govekar,500000,0,1,0,0,0,0,0,0,0,0,0,0,0,0,0,0,0
Graat,500000,0,0,0,0,0,0,0,0,0,0,0,0,0,0,0,0,0
Gradek,500000,1,1,0,0,0,0,0,1,0,0,0,0,0,0,0,0,0
Grignard,500000,1,0,0,0,0,0,0,0,0,0,0,0,0,0,0,0,0
Grisel,500000,0,0,0,0,0,0,0,0,0,0,0,0,0,0,0,0,0
Gruel,500000,1,0,0,0,0,0,0,1,1,1,1,0,0,0,0,0,0
Gualdi,500000,0,0,1,0,0,0,0,0,0,0,0,0,0,0,0,0,0
Gudmestad,500000,0,0,0,0,0,1,0,0,0,0,0,0,0,0,0,0,0
Hagenes,500000,1,0,0,0,0,0,0,0,0,0,0,0,0,0,0,0,0
Haig,500000,0,0,0,0,0,0,0,0,0,0,0,0,0,0,0,0,0
Hajek,500000,0,0,0,0,0,0,0,0,0,0,0,0,0,0,0,0,0
Haller,500000,1,1,0,0,0,0,0,1,0,0,0,0,0,0,0,0,0
Chris Hamilton,500000,0,0,0,0,0,0,0,0,0,0,0,0,0,0,0,0,0
Lucas Hamilton,500000,0,0,0,0,0,0,0,0,0,0,0,0,0,0,0,0,0
Harper,500000,0,0,0,0,0,0,0,0,0,0,0,0,0,0,0,0,0
Hatherly,500000,0,0,1,0,1,0,0,0,0,0,0,0,0,0,0,0,0
Hayter,500000,0,0,0,0,1,0,0,0,0,0,0,0,0,0,0,0,0
Heiduk,500000,1,0,0,0,0,0,0,0,0,0,0,0,0,0,0,0,0
Hellemose,500000,0,0,0,0,0,0,0,0,0,0,0,0,0,0,0,0,0
Hemelen,500000,1,0,0,0,0,0,0,0,0,0,0,0,0,0,0,0,0
Hermans,500000,0,0,1,0,0,0,1,0,0,0,0,0,1,1,1,1,0
Herzog,500000,0,0,0,0,0,0,0,0,0,0,0,0,0,0,0,0,0
Hessmann,500000,0,0,0,1,0,0,0,0,0,0,0,0,0,0,0,0,0
Higuita,500000,0,0,0,1,0,0,0,0,0,0,0,0,0,0,0,0,0
Hindley,500000,0,0,0,0,1,0,0,0,0,0,0,0,0,0,0,0,0
Hirschi,500000,0,0,0,0,0,0,0,0,0,0,0,0,0,1,1,1
Hirt,500000,0,0,0,0,0,0,0,0,0,0,0,0,0,0,0,0,0
Hobbs,500000,1,1,0,0,0,0,0,0,0,0,0,0,0,0,0,0,0
Hoelgaard,500000,1,0,0,0,0,0,0,0,0,0,0,0,0,0,0,0,0
Holter,500000,0,0,0,0,0,0,0,0,0,0,0,0,0,0,0,0,0
Honore,500000,1,1,1,0,0,1,0,0,0,0,1,0,0,0,0,0,1
Hoole,500000,0,1,0,1,0,0,1,0,1,1,1,0,1,0,0,0,0
Hoorn,500000,0,0,0,0,0,0,0,0,0,0,0,0,0,0,0,0,0
Houcou,500000,0,0,0,0,0,0,0,0,0,0,0,0,0,0,0,0,0
Howson,500000,0,0,0,0,0,0,0,0,0,0,0,0,0,0,0,0,0
Huens,500000,1,1,0,0,0,0,0,0,0,0,0,0,0,0,0,0,0
Huising,500000,0,0,0,0,0,0,0,0,0,0,0,0,0,0,0,0,0
Hvideberg,500000,0,1,0,0,0,0,0,0,0,0,0,0,0,0,0,0,0
Ingebritsen,500000,0,0,0,0,0,0,0,0,0,0,0,0,0,0,0,0,0
Isidore,500000,0,0,0,0,0,0,0,0,0,0,0,0,0,0,0,0,0
Izagirre,500000,0,0,0,1,0,0,0,0,0,0,0,0,0,1,1,1
Izquierdo,500000,0,0,0,0,0,1,0,0,0,0,0,0,0,0,0,0,0
Jacobs,500000,1,1,0,0,0,0,0,0,0,0,0,0,0,0,0,0,0
Jeanniere,500000,0,1,0,0,0,0,0,1,0,0,0,0,0,0,0,0,0
Joalland,500000,0,0,0,0,0,0,0,0,0,0,0,0,0,0,0,0,0
Anders Halland Johannessen,500000,0,0,0,0,0,0,0,0,0,0,0,0,0,0,0,0,0
Tobias Halland Johannessen,500000,0,0,1,0,0,0,0,0,0,0,0,0,0,1,1,1
Jong,500000,1,0,0,0,0,0,0,0,0,0,0,0,0,0,0,0,0
Jungels,500000,0,0,0,0,0,0,0,0,0,0,0,0,0,0,0,0,0
Juul-Jensen,500000,0,0,0,0,0,0,0,0,0,0,0,0,0,0,0,0,0
Kajamini,500000,0,0,0,0,0,0,0,0,0,0,0,0,0,0,0,0,0
Kamna,500000,0,0,0,0,0,0,0,0,0,0,0,0,0,0,0,0,0
Kamp,500000,0,0,0,0,0,0,0,0,0,0,0,0,0,0,0,0,0
Kelderman,500000,0,0,0,0,0,0,0,0,0,0,0,0,0,0,0,0,0
Kelemen,500000,1,0,0,0,0,0,0,1,0,0,0,0,0,0,0,0,0
Kench,500000,0,0,0,0,0,0,0,0,0,0,0,0,0,0,0,0,0
Kepplinger,500000,0,0,0,0,0,0,0,0,0,0,0,0,0,0,0,0,0
Kielich,500000,1,1,1,0,1,1,0,1,1,0,1,0,1,0,0,0,0
Kirsch,500000,1,1,0,1,0,1,1,0,1,1,1,0,1,0,0,0,0
Kleijn,500000,0,0,0,0,0,0,0,0,0,0,0,0,0,0,0,0,0
Kluckers,500000,0,0,0,0,0,0,0,0,0,0,0,0,0,0,0,0,0
Knight,500000,0,0,0,0,0,0,0,0,0,0,0,0,0,0,0,0,0
Knox,500000,0,0,0,0,0,0,0,0,0,0,0,0,0,0,0,0,0
Kockelmann,500000,0,0,0,0,0,0,0,0,0,0,0,0,0,0,0,0,0
Koerdt,500000,0,0,0,0,0,0,0,0,0,0,0,0,0,0,0,0,0
Kogut,500000,0,0,0,0,0,0,0,0,0,0,0,0,0,0,0,0,0
Kolze,500000,0,0,0,0,0,1,0,1,1,0,0,0,0,0,0,0,0
Konrad,500000,0,0,0,0,0,0,0,0,0,0,0,0,0,0,0,0,0
Krieger,500000,0,0,0,0,0,0,0,0,0,0,0,0,0,0,0,0,0
Krijnsen,500000,1,1,0,1,0,0,1,1,1,1,1,0,1,0,0,0,0
Kron,500000,0,0,0,0,0,0,0,0,0,0,0,0,0,0,0,0,0
Kruijswijk,500000,0,0,0,0,0,0,0,0,0,0,0,0,0,0,0,0,0
Kulset,500000,0,0,0,0,0,0,0,0,0,0,0,0,0,0,0,0,0
Kuss,500000,0,0,0,0,0,0,0,0,0,0,0,0,0,0,0,0,0
Kuzmin,500000,0,0,0,0,0,0,0,0,0,0,0,0,0,0,0,0,0
Kwiatkowski,500000,1,0,0,0,0,0,0,0,0,0,0,0,0,0,0,0,0
L'Hote,500000,0,0,0,0,0,0,0,0,0,0,0,0,0,0,0,0,0
Labrosse,500000,0,0,1,0,0,1,0,0,0,0,0,0,0,1,1,1
Lafay,500000,0,0,1,0,0,0,0,0,0,0,0,0,0,0,1,0,0
Lambrecht,500000,1,0,0,0,0,0,0,0,0,0,0,0,0,0,0,0,0
Lampaert,500000,1,1,0,1,0,0,0,0,1,1,1,0,1,0,0,0,0
Lamperti,500000,1,1,0,1,0,1,1,1,1,1,1,0,1,0,0,0,0
Landa,500000,0,0,0,0,0,0,0,0,0,0,0,0,0,0,0,0,0
Langellotti,500000,0,0,0,0,0,0,0,0,0,0,0,0,0,1,1,1
Lanhove,500000,1,0,0,0,0,0,0,0,0,0,0,0,0,0,0,0,0
Lecerf,500000,0,0,0,0,0,0,0,0,0,0,0,0,0,0,0,0,0
Lee,500000,0,0,0,0,0,0,0,0,0,0,0,0,0,0,0,0,0
Leemreize,500000,0,0,0,0,0,0,0,0,0,0,0,0,0,0,0,0,0
Leknessund,500000,0,0,0,0,0,0,0,0,0,0,0,0,0,0,0,0,0
Lemmen,500000,0,0,0,0,0,0,0,0,0,0,0,0,0,0,0,0,0
Leonard,500000,0,0,0,0,0,0,0,0,0,0,0,0,0,0,0,0,0
Lerberghe,500000,0,0,0,0,0,0,0,0,0,0,0,0,0,0,0,0,0
Lienhard,500000,0,0,0,0,0,0,0,0,0,0,0,0,0,0,0,0,0
Liepins,500000,0,1,0,0,0,0,0,1,0,0,0,0,0,0,0,0,0
Livyns,500000,1,1,1,0,1,0,0,0,1,1,1,0,0,0,0,0,0
Loland,500000,0,0,0,0,0,0,0,0,0,0,0,0,0,0,0,0,0
Lonardi,500000,0,0,0,0,0,0,0,0,0,0,0,0,0,0,0,0,0
Harold Martin Lopez,500000,0,0,0,0,0,0,0,0,0,0,0,0,0,0,0,0,0
Juan Pedro Lopez,500000,0,0,0,0,0,0,0,0,0,0,0,0,0,0,0,0,0
Louvel,500000,1,1,0,0,0,0,0,1,0,0,0,0,1,0,0,0,0
Lutsenko,500000,0,0,0,0,0,0,0,0,0,0,0,0,0,0,0,0,0
Maas,500000,0,1,0,0,0,0,0,0,0,0,0,0,0,0,0,0,0
Maciejuk,500000,1,1,0,0,0,0,0,1,0,0,0,0,0,0,0,0,0
Mackellar,500000,0,0,0,0,0,0,0,0,0,0,0,0,0,0,0,0,0
Maestri,500000,0,0,0,0,0,0,0,0,0,0,0,0,0,0,0,0,0
Magli,500000,0,0,0,0,0,0,0,0,0,0,0,0,0,0,0,0,0
Mahoudo,500000,0,0,0,0,0,0,0,0,0,0,0,0,0,0,0,0,0
Maisonobe,500000,0,0,0,0,0,0,0,0,0,0,0,0,0,0,0,0,0
Malecki,500000,1,1,0,0,0,0,0,1,0,0,0,0,0,0,0,0,0
Malucelli,500000,0,0,0,0,0,0,0,0,0,0,0,0,0,0,0,0,0
Maris,500000,0,0,0,0,0,0,0,0,0,0,0,0,0,0,0,0,0
Markl,500000,0,0,0,0,0,0,0,0,1,0,0,0,0,0,0,0,0
Marti,500000,0,0,1,0,0,0,0,0,0,0,0,0,0,0,0,0,0
Martin,500000,0,0,0,0,0,0,0,0,0,0,0,0,0,0,0,0,0
Daniel Martinez,500000,0,0,0,1,0,0,0,0,0,0,0,0,0,1,1,0
Enzo Martinez,500000,0,0,0,0,0,0,0,0,0,0,0,0,0,0,0,0,0
Mas,500000,0,0,0,0,0,0,0,0,0,0,0,0,0,0,0,0,0
Mattio,500000,0,1,0,0,0,0,0,0,0,0,0,0,0,0,0,0,0
Mayrhofer,500000,0,0,0,0,0,0,0,0,0,0,0,0,0,0,0,0,0
McKenzie,500000,0,0,0,0,0,0,0,0,0,0,0,0,0,0,0,0,0
Mechelen,500000,1,0,0,0,0,0,0,1,0,0,0,0,0,0,0,0,0
Meehan,500000,0,0,0,0,0,0,0,0,0,0,0,0,0,0,0,0,0
Menten,500000,0,0,0,0,0,0,0,0,0,0,0,1,0,0,0,0,0
Meulen,500000,0,0,0,0,0,0,0,0,0,0,0,0,0,0,0,0,0
Meurisse,500000,1,0,0,0,0,0,0,0,0,0,0,0,0,0,0,0,0
Mezgec,500000,0,1,0,0,0,0,0,0,0,0,0,0,0,0,0,0,0
Miholjevic,500000,0,0,0,0,0,0,0,0,0,0,0,0,0,0,0,0,0
Mikutis,500000,1,1,0,0,0,0,0,1,0,0,0,0,0,0,0,0,0
Matteo Milan,500000,0,1,0,0,0,0,0,0,0,0,0,0,0,0,0,0,0
Milesi,500000,0,0,0,0,0,0,0,1,0,0,0,0,0,0,0,0,0
Miquel,500000,1,1,0,0,0,0,0,0,0,1,0,0,0,1,0,0,0
Moer,500000,1,1,0,0,0,0,0,1,1,0,0,0,0,0,0,0,0
Molard,500000,0,0,0,0,0,0,0,0,0,0,0,0,0,0,0,0,0
Mollema,500000,0,0,1,0,0,0,0,0,0,0,0,0,0,1,0,0
Moniquet,500000,0,0,0,0,0,0,0,0,0,0,0,0,0,0,0,0,0
Moro,500000,1,1,0,0,0,0,0,1,0,0,0,0,0,0,0,0,0
Mosca,500000,0,0,0,0,0,0,0,0,0,0,0,0,0,0,0,0,0
Moscon,500000,0,0,0,0,0,0,0,0,0,0,0,0,0,0,0,0,0
Muhlberger,500000,0,0,1,0,1,0,0,0,0,0,0,0,0,0,0,0,0
Mullen,500000,1,1,0,0,0,0,0,1,0,0,0,0,0,0,0,0,0
Mulubrhan,500000,0,0,0,0,0,0,0,0,0,0,0,0,0,0,0,0,0
Naberman,500000,0,0,0,0,0,0,0,0,0,0,0,0,0,0,0,0,0
Naesen,500000,1,1,0,0,0,1,1,1,1,0,1,0,0,0,0,0,0
Neilands,500000,0,0,0,0,0,0,0,0,0,0,0,0,0,0,0,0,0
Nerurkar,500000,0,0,0,0,0,0,0,0,0,0,0,0,0,0,0,0,0
Nordhagen,500000,0,0,0,0,0,0,0,0,0,0,0,0,0,0,0,0,0
Norsgaard,500000,0,0,0,0,0,0,0,0,0,0,0,0,0,0,0,0,0
Novak,500000,0,0,0,0,0,0,0,0,0,0,0,0,0,0,0,0,0
O'Brien,500000,1,1,0,0,0,0,0,0,0,0,0,0,0,0,0,0,0
O'Connor,500000,0,0,0,0,0,0,0,0,0,0,0,0,0,0,0,0,0
Ivo Oliveira,500000,0,0,0,1,0,0,0,0,0,0,0,0,0,0,0,0,0
Omrzel,500000,0,0,0,0,0,0,0,0,0,0,0,0,0,0,0,0,0
Oomen,500000,0,0,0,0,0,0,0,0,0,0,0,0,0,0,0,0,0
Orins,500000,0,0,0,0,0,0,0,0,0,0,0,0,0,0,0,0,0
Orn-Kristoff,500000,0,1,0,0,0,0,0,0,0,0,0,0,0,0,0,0,0
Ourselin,500000,0,0,0,0,0,0,0,0,0,0,0,0,0,0,0,0,0
Oxenberg,500000,0,0,0,0,0,0,0,0,0,0,0,0,0,0,0,0,0
Paasschens,500000,0,0,0,0,0,0,0,0,0,0,0,0,0,0,0,0,0
Pacher,500000,0,0,0,0,0,0,0,0,0,0,0,0,0,0,0,0,0
Page,500000,1,1,0,0,0,0,0,1,1,0,0,0,0,0,0,0,0
Paleni,500000,0,0,0,0,0,0,0,0,0,0,0,0,0,0,0,0,0
Aurélien Paret-Peintre,500000,0,0,0,1,0,1,0,0,0,0,0,0,0,1,1,1
Valentin Paret-Peintre,500000,0,0,0,1,0,0,0,0,0,0,0,0,0,0,0,0,0
Parisini,500000,0,0,0,0,0,0,0,0,0,0,0,0,0,0,0,0,0
Peace,500000,0,0,0,0,0,0,0,0,0,0,0,0,0,0,0,0,0
Rasmus Pedersen,500000,1,1,0,0,0,0,0,0,0,0,0,0,0,0,0,0,0
Martin Pedersen,500000,0,1,0,0,0,0,0,0,0,0,0,0,0,0,0,0,0
Casper Pedersen,500000,1,1,0,0,0,1,1,0,0,0,0,0,0,0,0,0,0
Pellizzari,500000,0,0,1,0,1,0,0,0,0,0,0,0,0,0,0,0,0
Penhoet,500000,0,1,0,0,0,0,0,0,0,0,0,0,0,0,0,0,0
Pescador,500000,0,0,0,0,0,0,0,0,0,0,0,0,0,0,0,0,0
Pestel,500000,1,1,0,0,0,0,0,0,0,0,0,0,0,0,0,0,0
Pickering,500000,0,0,0,0,0,0,0,0,0,0,0,0,0,0,0,0,0
Pidcock,500000,0,0,0,0,0,0,0,0,0,0,0,0,0,0,0,0,0
Pietrobon,500000,0,0,0,0,0,0,0,0,0,0,0,0,0,0,0,0,0
Piganzoli,500000,0,0,0,0,1,0,0,0,0,0,0,0,0,0,0,0,0
Pinarello,500000,0,0,1,0,1,0,0,0,0,0,0,0,0,0,0,0,0
Plapp,500000,0,0,0,0,0,0,0,0,0,0,0,0,0,0,0,0,0
Pluimers,500000,1,1,0,1,0,1,0,1,0,1,1,0,0,1,0,0,0
Plus,500000,0,0,0,0,0,0,0,0,0,0,0,0,0,0,0,0,0
Poels,500000,0,0,1,0,0,0,0,0,0,0,0,0,0,0,0,0,0
Pollefliet,500000,0,0,0,0,0,0,0,0,0,0,0,0,0,0,0,0,0
Poole,500000,0,0,0,1,0,0,0,0,0,0,0,0,0,0,0,0,0
Pooter,500000,1,1,0,0,0,0,0,0,0,0,0,0,0,0,0,0,0
Porter,500000,0,0,0,0,0,0,0,0,0,0,0,0,0,0,0,0,0
Pretto,500000,0,0,0,0,0,0,0,0,0,0,0,0,0,0,0,0,0
Prodhomme,500000,0,0,1,0,0,0,0,0,0,0,0,0,0,0,0,0,0
Quinn,500000,0,0,0,0,0,0,0,0,0,0,0,0,0,0,0,0,0
Quintana,500000,0,0,0,0,0,0,0,0,0,0,0,0,0,0,0,0,0
Andrea Raccagni,500000,0,0,0,0,0,0,0,0,0,0,0,0,0,0,0,0,0
Gabriele Raccagni,500000,0,0,1,0,0,0,0,0,0,0,0,0,0,1,0,1
Rafferty,500000,0,0,0,0,0,0,0,0,0,0,0,0,0,0,0,0,0
Raisberg,500000,0,0,0,0,0,0,0,0,0,0,0,0,0,0,0,0,0
Rajovic,500000,0,0,0,0,0,0,0,0,0,0,0,0,0,0,0,0,0
Reinderink,500000,1,0,0,0,0,0,0,0,0,0,0,0,0,0,0,0,0
Reinders,500000,0,1,0,0,0,0,0,1,0,0,0,0,0,0,0,0,0
Renard,500000,1,1,0,0,0,1,0,1,1,0,0,0,0,0,0,0,0
Renard-Haquin,500000,1,0,0,0,0,0,0,0,0,0,0,0,0,0,0,0,0
Resell,500000,1,1,0,0,0,0,0,0,0,0,0,0,0,0,0,0,0
Rex,500000,0,0,0,0,0,0,0,0,0,0,0,0,0,0,0,0,0
Riccitello,500000,0,0,0,0,0,0,0,0,0,0,0,0,0,0,0,0,0
Rivera,500000,0,0,0,0,0,0,0,0,0,0,0,0,0,0,0,0,0
Robeet,500000,0,0,0,0,0,0,0,0,0,0,0,0,0,0,0,0,0
Rochas,500000,0,0,0,0,0,0,0,0,0,0,0,0,0,0,0,0,0
Carlos Rodriguez,500000,0,0,0,1,0,0,0,0,0,0,0,0,0,0,0,0,0
Cristian Rodriguez,500000,0,0,0,0,0,0,0,0,0,0,0,0,0,0,0,0,0
Oscar Rodriguez,500000,0,0,0,0,0,0,0,0,0,0,0,0,0,0,0,0,0
Roglic,500000,0,0,0,1,0,0,0,0,0,0,0,0,0,0,0,0,0
Rolland,500000,0,0,0,0,0,0,0,0,0,0,0,0,0,0,0,0,1
Romele,500000,1,0,0,0,0,0,0,0,0,0,0,0,0,0,0,0,0
Romeo,500000,0,0,0,1,0,1,0,0,0,0,0,0,0,0,0,0,0
Romo,500000,0,0,0,0,0,0,0,0,0,0,0,0,0,0,0,0,0
Rondel,500000,0,0,0,1,0,0,0,0,0,0,0,0,0,0,0,0,0
Roosen,500000,1,0,0,0,0,0,0,0,0,0,0,0,0,0,0,0,0
Rota,500000,0,0,0,0,0,0,0,0,0,0,0,0,0,0,0,0,0
Rouland,500000,0,0,0,1,0,0,0,0,0,0,0,0,0,0,0,0,0
Rubio,500000,0,0,0,0,0,0,0,0,0,0,0,0,0,0,0,0,0
Russo,500000,1,0,0,0,0,0,0,0,0,0,0,0,0,0,0,0,0
Rutsch,500000,0,0,0,0,0,0,0,0,1,0,0,0,0,0,0,0,0
Ryan,500000,0,0,0,0,0,0,0,0,0,0,0,0,0,0,0,0,0
Samitier,500000,0,0,0,0,0,0,0,0,0,0,0,0,0,0,0,0,0
Sanchez,500000,0,0,0,0,0,0,0,0,0,0,0,0,0,0,0,0,0
Scaroni,500000,0,0,0,0,1,0,0,0,0,0,0,0,0,1,1,1
Schachmann,500000,0,0,0,0,0,0,0,0,0,0,0,0,0,0,0,0,0
Schiffer,500000,0,0,0,0,0,0,0,0,0,0,0,0,0,0,0,0,0
Schmid,500000,0,0,0,0,0,1,0,0,1,0,0,0,1,1,1,0,0
Schrettl,500000,0,0,0,0,0,0,0,0,0,0,0,0,0,0,0,0,0
Schultz,500000,0,0,0,0,0,0,0,0,0,0,0,0,0,0,0,0,0
Schuyteneer,500000,0,1,0,0,0,0,0,0,0,0,1,0,0,0,0,0,0
Schwarzbacher,500000,0,0,0,0,0,0,0,0,0,0,0,0,0,0,0,0,0
Scotson,500000,0,0,0,0,0,0,0,0,0,0,0,0,0,0,0,0,0
Segaert,500000,1,1,0,0,0,0,0,1,1,1,0,1,0,0,0,0,0
Seixas,500000,0,0,1,0,0,0,0,0,0,0,0,0,0,0,1,1
Gonzalo Serrano,500000,0,0,0,0,0,0,0,0,0,0,0,0,0,0,0,0,0
Javier Serrano,500000,0,0,0,0,0,0,0,0,0,0,0,0,0,0,0,0,0
Sevilla,500000,0,0,0,0,0,0,0,0,0,0,0,0,0,0,0,0,0
Shaw,500000,0,0,0,1,0,0,0,0,0,0,0,0,0,0,0,0,0
Sheehan,500000,1,1,0,0,0,0,1,0,1,1,0,1,0,0,0,0,0
Sheffield,500000,1,0,0,0,0,0,0,0,0,0,0,0,0,0,0,0,0
Shmidt,500000,1,0,0,0,0,0,0,0,0,0,0,0,0,0,0,0,0
Silva,500000,0,0,0,0,0,0,0,0,0,0,0,0,0,0,0,0,0
Quinn Simmons,500000,1,1,0,0,0,0,0,0,0,0,0,0,0,0,0,0,0
Colby Simmons,500000,0,0,1,0,0,0,0,0,0,0,0,0,0,0,1,0,0
Sintmaartensdijk,500000,1,0,0,0,0,0,0,0,0,0,0,0,0,0,0,0,0
Skaarseth,500000,0,0,0,0,0,0,0,0,0,0,0,0,0,0,0,0,0
Skerl,500000,0,0,0,0,0,0,0,0,0,0,0,0,0,0,0,0,0
Slock,500000,0,1,0,0,0,0,0,0,0,0,0,0,0,0,0,0,0
Smith,500000,0,0,0,0,0,0,0,0,0,0,0,0,0,0,0,0,0
Sobrero,500000,0,0,0,0,0,0,0,0,0,0,0,0,0,0,0,0,0
Stannard,500000,1,0,0,0,0,0,0,0,0,0,0,0,0,0,0,0,0
Staune-Mittet,500000,0,0,0,0,0,0,0,0,0,0,0,0,0,0,0,0,0
Steimle,500000,0,0,0,0,0,0,0,0,0,0,0,0,0,0,0,0,0
Steinhauser,500000,0,0,0,0,0,0,0,0,0,0,0,0,0,0,0,0,0
Stewart,500000,0,0,0,0,0,0,0,0,0,0,0,0,0,0,0,0,0
Stockwell,500000,0,0,0,0,0,0,0,0,0,0,0,0,0,0,0,0,0
Storer,500000,0,0,0,0,1,0,0,0,0,0,0,0,0,0,0,0,0
Stork,500000,0,0,0,0,0,0,0,0,0,0,0,0,0,0,0,0,0
Strong,500000,0,0,0,0,0,0,0,0,0,0,0,0,0,0,0,0,0
Su,500000,0,0,0,0,0,0,0,0,0,0,0,0,0,0,0,0,0
Suter,500000,0,0,0,0,0,0,0,0,0,0,0,0,0,0,0,0,0
Sutterlin,500000,0,0,0,0,0,0,0,0,0,0,0,0,0,0,0,0,0
Svarre,500000,0,0,0,0,0,0,0,0,0,0,0,0,0,0,0,0,0
Svestad-Bardseng,500000,0,0,0,0,0,0,0,0,0,0,0,0,0,0,0,0,0
Svrcek,500000,0,0,0,0,0,0,0,0,0,0,0,0,0,0,0,0,0
Sweeny,500000,0,0,0,0,0,0,0,0,0,0,0,0,0,0,0,0,0
Ben Swift,500000,1,0,0,0,0,0,0,0,0,0,0,0,0,0,0,0,0
Connor Swift,500000,0,0,0,0,0,0,0,0,0,0,0,0,0,0,0,0,0
Syritsa,500000,0,1,0,0,0,0,0,1,0,0,0,0,0,0,0,0,0
Taminiaux,500000,0,0,0,0,0,0,0,0,0,0,0,0,0,0,0,0,0
Tarling,500000,0,0,0,0,0,0,0,0,0,0,0,0,0,0,0,0,0
Tejada,500000,0,0,0,1,0,0,0,0,0,0,0,0,0,0,0,0,0
Tene,500000,0,0,0,0,0,0,0,0,0,0,0,0,0,0,0,0,0
Tesfatsion,500000,0,0,0,0,0,0,0,0,0,0,0,0,0,0,0,0,0
Thalmann,500000,0,0,1,0,0,0,0,0,0,0,0,0,0,0,0,0,0
Theuns,500000,1,1,0,1,0,0,0,0,0,0,0,0,0,0,0,0,0
Thomas,500000,0,0,0,1,0,1,0,0,0,0,0,0,0,0,0,0,0
Thompson,500000,0,0,0,0,0,0,0,0,0,0,0,0,0,0,0,0,0
Thornley,500000,0,0,0,0,0,0,0,0,0,0,0,0,0,0,0,0,0
Tiberi,500000,0,0,0,0,1,0,0,0,0,0,0,0,0,0,0,0,0
Tiller,500000,1,1,0,0,0,0,0,0,0,0,0,0,0,0,0,0,0
Tjotta,500000,0,0,0,0,0,0,0,0,0,0,0,0,0,0,0,0,0
Tolio,500000,0,0,0,0,0,0,0,0,0,0,0,0,0,0,0,0,0
Toneatti,500000,0,0,1,0,0,0,0,0,0,0,0,0,0,0,0,0,0
Tonelli,500000,0,0,0,0,0,0,0,0,0,0,0,0,0,0,0,0,0
Torres,500000,0,0,0,0,0,0,0,0,0,0,0,0,0,0,0,0,0
Touze,500000,0,0,0,0,0,0,0,0,0,0,0,0,0,0,0,0,0
Traeen,500000,0,0,0,0,0,0,0,0,0,0,0,0,0,0,0,0,0
Tratnik,500000,0,0,0,0,1,0,1,0,1,1,0,0,1,0,1,0,0
Tricht,500000,0,0,0,0,0,0,0,0,0,0,0,0,0,0,0,0,0
Tronchon,500000,1,1,1,0,1,0,0,1,1,1,1,0,1,0,0,0,0
Tuckwell,500000,0,0,0,0,0,0,0,0,0,0,0,0,0,0,0,0,0
Tulett,500000,0,0,1,0,0,0,0,0,0,0,0,0,0,1,1,1,0
Turgis,500000,1,0,0,0,0,0,1,1,0,0,0,0,0,0,0,0,0
Turner,500000,1,0,0,0,0,0,0,0,0,0,0,0,0,0,0,0,0
Uijtdebroeks,500000,0,0,0,1,0,0,0,0,0,0,0,0,0,1,1,0
Ulissi,500000,0,0,0,0,1,0,0,0,0,0,0,0,0,1,1,1,0
Urianstad,500000,0,0,0,0,0,0,0,0,0,0,0,0,0,0,0,0,0
Vader,500000,0,0,0,0,0,0,0,0,0,0,0,0,0,0,0,0,0
Valgren,500000,0,0,0,1,0,0,1,1,1,1,0,1,0,0,0,0,0
Valter,500000,1,0,1,0,1,0,0,1,0,0,1,0,0,0,0,0,0
Vandenstorme,500000,1,0,0,0,0,0,0,0,0,0,0,0,0,0,0,0,0
Vangheluwe,500000,0,0,0,0,0,0,0,0,0,0,0,0,0,0,0,0,0
Vanhoof,500000,1,0,0,0,0,0,0,0,0,0,0,0,0,0,0,0,0
Vanhoucke,500000,0,0,0,0,0,0,0,0,0,0,0,0,0,0,0,0,0
Vansevenant,500000,0,0,0,0,0,0,0,0,0,0,0,0,0,0,0,0,0
Veistroffer,500000,0,0,0,0,0,0,0,0,0,0,0,0,0,0,0,0,0
Velasco,500000,0,0,0,0,0,0,0,0,0,0,0,0,0,0,0,0,0
Vendrame,500000,0,0,0,0,0,0,0,0,0,0,0,0,0,0,0,0,0
Venturini,500000,0,0,0,0,0,0,0,1,0,0,0,1,1,1,0,0,0
Vergaerde,500000,1,0,0,0,0,0,0,0,0,0,0,0,0,0,0,0,0
Verona,500000,0,0,0,0,0,0,0,0,0,0,0,0,0,0,0,0,0
Vervaeke,500000,0,0,0,0,0,0,0,0,0,0,0,0,0,0,0,0,0
Vervenne,500000,0,0,0,0,0,0,0,0,0,0,0,0,0,0,0,0,0
Vinokurov,500000,0,0,0,1,0,1,0,0,0,0,0,0,0,0,0,0,0
Vlasov,500000,0,0,0,0,0,0,0,0,0,0,0,0,0,0,0,0,0
Voisard,500000,0,0,0,0,0,0,0,0,0,0,0,0,0,0,0,0,0
Walker,500000,0,0,0,0,0,0,0,0,0,0,0,0,0,0,0,0,0
Walscheid,500000,0,0,0,0,0,0,0,0,0,0,0,0,0,0,0,0,0
Wandahl,500000,0,0,0,0,0,0,0,0,0,0,0,0,0,0,0,0,0
Warbasse,500000,0,0,0,0,0,0,0,0,0,0,0,0,0,0,0,0,0
Watson,500000,1,0,0,0,0,0,0,0,0,0,0,0,0,0,0,0,0
Weiss,500000,0,0,0,0,0,0,0,0,0,0,0,0,0,0,0,0,0
Welten,500000,0,0,0,0,0,0,0,0,0,0,0,0,0,0,0,0,0
Widar,500000,0,0,1,0,0,0,0,0,0,0,0,0,0,1,1,0,0
Wilder,500000,0,0,0,0,1,0,0,0,0,0,0,0,0,1,1,1,0
Wilksch,500000,0,0,0,0,0,0,0,0,0,0,0,0,0,0,0,0,0
Williams,500000,0,0,0,0,0,0,0,0,0,0,0,0,0,0,0,0,0
Wirtgen,500000,0,0,0,0,0,0,0,0,0,0,0,0,0,0,0,0,0
Zambanini,500000,0,0,0,0,0,0,0,0,0,0,0,0,0,0,0,0,0
Zamperini,500000,0,0,0,0,0,0,0,0,0,0,0,0,0,0,0,0,0
Zana,500000,0,0,0,0,0,0,0,0,0,0,0,0,0,0,0,0,0
Zanoncello,500000,0,0,0,0,0,0,0,0,0,0,0,0,0,0,0,0,0
Zijlaard,500000,0,1,0,1,0,0,0,0,0,0,0,0,0,0,0,0,0
Zimmermann,500000,0,0,1,0,1,1,0,0,0,0,0,0,0,0,0,0,0
Zukowsky,500000,0,1,0,0,0,0,0,1,0,0,0,0,0,0,0,0,0
Zwiehoff,500000,0,0,0,0,0,0,0,0,0,0,0,0,0,0,0,0,0
